name,cpu_time_total,cuda_time_total,self_cpu_time_total,self_cuda_time_total,cpu_memory_usage,cuda_memory_usage,self_cpu_memory_usage,self_cuda_memory_usage,cpu_time_str,cuda_time_str,cpu_time_total_str,cuda_time_total_str,self_cpu_time_total_str,self_cuda_time_total_str,cpu_time,cuda_time,count
model_inference,25415325,27438437,1210817,0,0,8521216,-10655208,-555745963520,25.415s,27.438s,25.415s,27.438s,1.211s,0.000us,25415325.0,27438437.0,1
aten::empty,149698,2058,149071,0,26376,123099233280,26376,123099233280,2.324us,0.032us,149.698ms,2.058ms,149.071ms,0.000us,2.323853581297153,0.03194759228786985,64418
aten::to,293569,8082,800,0,10616836,509841920,0,32768,67.830us,1.867us,293.569ms,8.082ms,800.000us,0.000us,67.83017560073937,1.8673752310536045,4328
aten::lift_fresh,1,0,1,0,0,0,0,0,0.100us,0.000us,1.000us,0.000us,1.000us,0.000us,0.1,0.0,10
aten::detach_,14,0,11,0,0,0,0,0,1.750us,0.000us,14.000us,0.000us,11.000us,0.000us,1.75,0.0,8
detach_,3,0,3,0,0,0,0,0,0.375us,0.000us,3.000us,0.000us,3.000us,0.000us,0.375,0.0,8
aten::_to_copy,293310,8322,1010,0,10616836,509841920,4,0,1.377ms,39.070us,293.310ms,8.322ms,1.010ms,0.000us,1377.0422535211267,39.070422535211264,213
aten::empty_strided,1287,0,1054,0,10616832,509841920,10616832,509841920,6.042us,0.000us,1.287ms,0.000us,1.054ms,0.000us,6.042253521126761,0.0,213
aten::copy_,314296,232202,16325,190585,0,0,0,0,156.834us,115.869us,314.296ms,232.202ms,16.325ms,190.585ms,156.83433133732535,115.86926147704591,2004
cudaMemcpyAsync,20553277,10224,20553277,10086,0,0,0,0,33.749ms,16.788us,20.553s,10.224ms,20.553s,10.086ms,33749.22331691297,16.788177339901477,609
cudaStreamSynchronize,1225,11983,1225,11983,0,0,0,0,2.018us,19.741us,1.225ms,11.983ms,1.225ms,11.983ms,2.018121911037891,19.74135090609555,607
Memcpy HtoD (Pageable -> Device),0,3,0,3,0,0,0,0,0.000us,0.500us,0.000us,3.000us,0.000us,3.000us,0.0,0.5,6
aten::view,16703,0,16703,0,0,0,0,0,0.275us,0.000us,16.703ms,0.000us,16.703ms,0.000us,0.27496460672307643,0.0,60746
aten::slice,12568,0,12409,0,0,0,0,0,1.496us,0.000us,12.568ms,0.000us,12.409ms,0.000us,1.495834325160676,0.0,8402
aten::as_strided,5750,0,5750,0,0,0,0,0,0.085us,0.000us,5.750ms,0.000us,5.750ms,0.000us,0.08467213476858737,0.0,67909
aten::embedding,277,17,46,0,0,630784,0,0,69.250us,4.250us,277.000us,17.000us,46.000us,0.000us,69.25,4.25,4
aten::reshape,64052,947,53393,0,0,7254016,0,0,2.473us,0.037us,64.052ms,947.000us,53.393ms,0.000us,2.4725728623817798,0.0365566492955028,25905
aten::_reshape_alias,11807,0,11807,0,0,0,0,0,0.457us,0.000us,11.807ms,0.000us,11.807ms,0.000us,0.4565915155265092,0.0,25859
aten::index_select,209,17,85,17,0,630784,0,0,52.250us,4.250us,209.000us,17.000us,85.000us,17.000us,52.25,4.25,4
aten::resize_,1563,0,1563,0,0,835072,0,835072,5.108us,0.000us,1.563ms,0.000us,1.563ms,0.000us,5.107843137254902,0.0,306
cudaLaunchKernel,759139,2131783,759139,2122326,-168,1132032,-168,1132032,6.832us,19.185us,759.139ms,2.132s,759.139ms,2.122s,6.831950394182656,19.185202851074553,111116
aten::add,150210,735084,100129,542077,0,67226000384,0,67226000384,12.998us,63.611us,150.210ms,735.084ms,100.129ms,542.077ms,12.998442367601246,63.610591900311526,11556
aten::fill_,33,0,26,0,0,0,0,0,16.500us,0.000us,33.000us,0.000us,26.000us,0.000us,16.5,0.0,2
aten::item,25372,18145,1562,0,0,0,0,0,63.114us,45.137us,25.372ms,18.145ms,1.562ms,0.000us,63.114427860696516,45.13681592039801,402
aten::_local_scalar_dense,24877,18146,1324,42,0,0,0,0,61.883us,45.139us,24.877ms,18.146ms,1.324ms,42.000us,61.88308457711443,45.13930348258707,402
aten::triu_,664,0,664,0,0,0,0,0,332.000us,0.000us,664.000us,0.000us,664.000us,0.000us,332.0,0.0,2
"void at::native::(anonymous namespace)::indexSelectLargeIndex<c10::Half, long, unsigned int, 2, 2, -2, true>(at::cuda::detail::TensorInfo<c10::Half, unsigned int>, at::cuda::detail::TensorInfo<c10::Half, unsigned int>, at::cuda::detail::TensorInfo<long, unsigned int>, int, int, unsigned int, unsigned int, long)",0,17,0,17,0,0,0,0,0.000us,4.250us,0.000us,17.000us,0.000us,17.000us,0.0,4.25,4
"void at::native::vectorized_elementwise_kernel<4, at::native::CUDAFunctor_add<c10::Half>, at::detail::Array<char*, 3> >(int, at::native::CUDAFunctor_add<c10::Half>, at::detail::Array<char*, 3>)",0,454711,0,454711,0,0,0,0,0.000us,49.404us,0.000us,454.711ms,0.000us,454.711ms,0.0,49.40362885701869,9204
aten::unsqueeze,4016,0,4006,0,0,0,0,0,0.854us,0.000us,4.016ms,0.000us,4.006ms,0.000us,0.8541046363249681,0.0,4702
aten::layer_norm,125965,446485,9415,0,0,33484660736,0,-205076480,25.739us,91.231us,125.965ms,446.485ms,9.415ms,0.000us,25.738659583163056,91.23109930527175,4894
aten::native_layer_norm,116550,446485,59282,358472,0,33689737216,0,-3835904,23.815us,91.231us,116.550ms,446.485ms,59.282ms,358.472ms,23.81487535758071,91.23109930527175,4894
"void at::native::(anonymous namespace)::vectorized_layer_norm_kernel<c10::Half, float>(int, float, c10::Half const*, c10::Half const*, c10::Half const*, float*, float*, c10::Half*)",0,358472,0,358472,0,0,0,0,0.000us,73.247us,0.000us,358.472ms,0.000us,358.472ms,0.0,73.24724152022885,4894
aten::linear,1074806,5419592,78287,0,0,183093833728,0,851151872,49.123us,247.696us,1.075s,5.420s,78.287ms,0.000us,49.122760511883,247.6961608775137,21880
aten::t,63921,0,37429,0,0,0,0,0,2.895us,0.000us,63.921ms,0.000us,37.429ms,0.000us,2.8949728260869567,0.0,22080
aten::transpose,48798,0,45377,0,0,0,0,0,1.018us,0.000us,48.798ms,0.000us,45.377ms,0.000us,1.0184709786488009,0.0,47913
aten::addmm,618009,3753634,249492,3156985,0,127251959808,0,116062605312,57.882us,351.563us,618.009ms,3.754s,249.492ms,3.157s,57.88227030064625,351.56261122038023,10677
cudaStreamIsCapturing,112,164169,112,164169,0,0,0,0,0.017us,24.282us,112.000us,164.169ms,112.000us,164.169ms,0.01656559680520633,24.28176305280284,6761
cudaMalloc,3667,10163,3667,10163,0,0,0,0,118.290us,327.839us,3.667ms,10.163ms,3.667ms,10.163ms,118.29032258064517,327.83870967741933,31
cudaFree,276135,16,276135,16,0,0,0,0,69.034ms,4.000us,276.135ms,16.000us,276.135ms,16.000us,69033.75,4.0,4
cudaDeviceGetAttribute,109,13386,109,13378,0,0,0,0,0.172us,21.147us,109.000us,13.386ms,109.000us,13.378ms,0.1721958925750395,21.14691943127962,633
cudaGetSymbolAddress,1,3,1,3,0,0,0,0,1.000us,3.000us,1.000us,3.000us,1.000us,3.000us,1.0,3.0,1
cudaFuncSetAttribute,3,240,3,240,0,0,0,0,0.028us,2.222us,3.000us,240.000us,3.000us,240.000us,0.027777777777777776,2.2222222222222223,108
cudaOccupancyMaxActiveBlocksPerMultiprocessor,2171,390970,2171,390970,0,0,0,0,0.106us,19.105us,2.171ms,390.970ms,2.171ms,390.970ms,0.10608874120406568,19.105258014073495,20464
turing_fp16_s1688gemm_fp16_128x128_ldg8_f2f_tn,0,882129,0,882129,0,0,0,0,0.000us,141.571us,0.000us,882.129ms,0.000us,882.129ms,0.0,141.57101588830042,6231
"void splitKreduce_kernel<32, 16, int, __half, __half, float, __half, true, true, false>(cublasSplitKParams<float>, __half const*, __half const*, __half*, float const*, float const*, __half const*, __half const*, __half*, void*, long, float*, int*)",0,946,0,946,0,0,0,0,0.000us,4.113us,0.000us,946.000us,0.000us,946.000us,0.0,4.113043478260869,230
aten::mul,32077,433973,21133,386538,0,42222876672,0,42222876672,13.103us,177.277us,32.077ms,433.973ms,21.133ms,386.538ms,13.103349673202615,177.2765522875817,2448
"void at::native::vectorized_elementwise_kernel<4, at::native::AUnaryFunctor<c10::Half, c10::Half, c10::Half, at::native::binary_internal::MulFunctor<float> >, at::detail::Array<char*, 2> >(int, at::native::AUnaryFunctor<c10::Half, c10::Half, c10::Half, at::native::binary_internal::MulFunctor<float> >, at::detail::Array<char*, 2>)",0,297,0,297,0,0,0,0,0.000us,1.198us,0.000us,297.000us,0.000us,297.000us,0.0,1.1975806451612903,248
aten::contiguous,36501,182570,5689,0,0,11566649344,0,1559855104,20.941us,104.745us,36.501ms,182.570ms,5.689ms,0.000us,20.941480206540447,104.74469305794607,1743
aten::clone,36102,220655,4950,0,0,11573903360,0,-3311616,20.180us,123.340us,36.102ms,220.655ms,4.950ms,0.000us,20.179988820570152,123.33985466741196,1789
aten::empty_like,8400,0,2016,0,0,11573903360,0,3311616,4.695us,0.000us,8.400ms,0.000us,2.016ms,0.000us,4.6953605366126325,0.0,1789
"void at::native::elementwise_kernel<128, 4, at::native::gpu_kernel_impl<at::native::direct_copy_kernel_cuda(at::TensorIteratorBase&)::{lambda()#2}::operator()() const::{lambda()#10}::operator()() const::{lambda(c10::Half)#1}>(at::TensorIteratorBase&, at::native::direct_copy_kernel_cuda(at::TensorIteratorBase&)::{lambda()#2}::operator()() const::{lambda()#10}::operator()() const::{lambda(c10::Half)#1} const&)::{lambda(int)#1}>(int, at::native::gpu_kernel_impl<at::native::direct_copy_kernel_cuda(at::TensorIteratorBase&)::{lambda()#2}::operator()() const::{lambda()#10}::operator()() const::{lambda(c10::Half)#1}>(at::TensorIteratorBase&, at::native::direct_copy_kernel_cuda(at::TensorIteratorBase&)::{lambda()#2}::operator()() const::{lambda()#10}::operator()() const::{lambda(c10::Half)#1} const&)::{lambda(int)#1})",0,186612,0,186612,0,0,0,0,0.000us,104.311us,0.000us,186.612ms,0.000us,186.612ms,0.0,104.31078814980437,1789
aten::bmm,35916,311152,26963,247020,0,11393106944,0,11393106944,21.177us,183.462us,35.916ms,311.152ms,26.963ms,247.020ms,21.17688679245283,183.46226415094338,1696
cudaOccupancyMaxActiveBlocksPerMultiprocessorWithFlags,2370,116989,2370,116989,0,0,0,0,0.455us,22.442us,2.370ms,116.989ms,2.370ms,116.989ms,0.45463264914636486,22.441780164972187,5213
void cutlass::Kernel<cutlass_75_wmma_tensorop_f16_s161616gemm_f16_16x16_64x1_tn_align1>(cutlass_75_wmma_tensorop_f16_s161616gemm_f16_16x16_64x1_tn_align1::Params),0,506,0,506,0,0,0,0,0.000us,11.000us,0.000us,506.000us,0.000us,506.000us,0.0,11.0,46
"void at::native::elementwise_kernel<128, 4, at::native::gpu_kernel_impl<at::native::CUDAFunctor_add<c10::Half> >(at::TensorIteratorBase&, at::native::CUDAFunctor_add<c10::Half> const&)::{lambda(int)#1}>(int, at::native::gpu_kernel_impl<at::native::CUDAFunctor_add<c10::Half> >(at::TensorIteratorBase&, at::native::CUDAFunctor_add<c10::Half> const&)::{lambda(int)#1})",0,500860,0,500860,0,0,0,0,0.000us,47.746us,0.000us,500.860ms,0.000us,500.860ms,0.0,47.746425166825546,10490
aten::softmax,853,10917,61,0,0,348476416,0,0,18.149us,232.277us,853.000us,10.917ms,61.000us,0.000us,18.148936170212767,232.27659574468086,47
aten::_softmax,792,10917,362,3601,0,348476416,0,348476416,16.851us,232.277us,792.000us,10.917ms,362.000us,3.601ms,16.851063829787233,232.27659574468086,47
"void (anonymous namespace)::softmax_warp_forward<c10::Half, c10::Half, float, 7, false, false>(c10::Half*, c10::Half const*, int, int, int, bool const*, int, bool)",0,184,0,184,0,0,0,0,0.000us,4.000us,0.000us,184.000us,0.000us,184.000us,0.0,4.0,46
aten::dropout,6,0,6,0,0,0,0,0,0.001us,0.000us,6.000us,0.000us,6.000us,0.000us,0.0008498583569405099,0.0,7060
void cutlass::Kernel<cutlass_75_wmma_tensorop_f16_s161616gemm_f16_16x16_64x1_nn_align1>(cutlass_75_wmma_tensorop_f16_s161616gemm_f16_16x16_64x1_nn_align1::Params),0,644,0,644,0,0,0,0,0.000us,14.000us,0.000us,644.000us,0.000us,644.000us,0.0,14.0,46
aten::_unsafe_view,4181,0,4181,0,0,0,0,0,0.372us,0.000us,4.181ms,0.000us,4.181ms,0.000us,0.3716774824428838,0.0,11249
turing_fp16_s1688gemm_fp16_128x128_ldg8_relu_f2f_tn,0,1470265,0,1470265,0,0,0,0,0.000us,323.348us,0.000us,1.470s,0.000us,1.470s,0.0,323.3483615570706,4547
aten::gelu,26559,392817,17968,376275,0,42450468864,0,42450468864,16.135us,238.649us,26.559ms,392.817ms,17.968ms,376.275ms,16.135479951397325,238.6494532199271,1646
"void at::native::vectorized_elementwise_kernel<4, at::native::GeluCUDAKernelImpl(at::TensorIteratorBase&, at::native::GeluType)::{lambda()#2}::operator()() const::{lambda()#3}::operator()() const::{lambda(c10::Half)#1}, at::detail::Array<char*, 2> >(int, at::native::GeluCUDAKernelImpl(at::TensorIteratorBase&, at::native::GeluType)::{lambda()#2}::operator()() const::{lambda()#3}::operator()() const::{lambda(c10::Half)#1}, at::detail::Array<char*, 2>)",0,184,0,184,0,0,0,0,0.000us,4.000us,0.000us,184.000us,0.000us,184.000us,0.0,4.0,46
aten::arange,3757,519,1039,102,0,206848,0,3584,18.417us,2.544us,3.757ms,519.000us,1.039ms,102.000us,18.416666666666668,2.5441176470588234,204
"void (anonymous namespace)::elementwise_kernel_with_index<int, at::native::arange_cuda_out(c10::Scalar const&, c10::Scalar const&, c10::Scalar const&, at::Tensor&)::{lambda()#1}::operator()() const::{lambda()#4}::operator()() const::{lambda(long)#1}>(int, at::native::arange_cuda_out(c10::Scalar const&, c10::Scalar const&, c10::Scalar const&, at::Tensor&)::{lambda()#1}::operator()() const::{lambda()#4}::operator()() const::{lambda(long)#1}, function_traits<at::native::arange_cuda_out(c10::Scalar const&, c10::Scalar const&, c10::Scalar const&, at::Tensor&)::{lambda()#1}::operator()() const::{lambda()#4}::operator()() const::{lambda(long)#1}>::result_type*)",0,2,0,2,0,0,0,0,0.000us,1.000us,0.000us,2.000us,0.000us,2.000us,0.0,1.0,2
"void at::native::unrolled_elementwise_kernel<at::native::direct_copy_kernel_cuda(at::TensorIteratorBase&)::{lambda()#2}::operator()() const::{lambda()#3}::operator()() const::{lambda(int)#1}, at::detail::Array<char*, 2>, TrivialOffsetCalculator<1, unsigned int>, TrivialOffsetCalculator<1, unsigned int>, at::native::memory::LoadWithCast<1>, at::native::memory::StoreWithCast<1> >(int, at::native::direct_copy_kernel_cuda(at::TensorIteratorBase&)::{lambda()#2}::operator()() const::{lambda()#3}::operator()() const::{lambda(int)#1}, at::detail::Array<char*, 2>, TrivialOffsetCalculator<1, unsigned int>, TrivialOffsetCalculator<1, unsigned int>, at::native::memory::LoadWithCast<1>, at::native::memory::StoreWithCast<1>)",0,4,0,4,0,0,0,0,0.000us,2.000us,0.000us,4.000us,0.000us,4.000us,0.0,2.0,2
aten::argmax,45,12,34,12,0,1024,0,1024,22.500us,6.000us,45.000us,12.000us,34.000us,12.000us,22.5,6.0,2
"void at::native::reduce_kernel<512, 1, at::native::ReduceOp<int, at::native::ArgMaxOps<int>, unsigned int, long, 4> >(at::native::ReduceOp<int, at::native::ArgMaxOps<int>, unsigned int, long, 4>)",0,12,0,12,0,0,0,0,0.000us,6.000us,0.000us,12.000us,0.000us,12.000us,0.0,6.0,2
aten::index,65,12,49,12,0,4096,0,4096,32.500us,6.000us,65.000us,12.000us,49.000us,12.000us,32.5,6.0,2
"void at::native::index_elementwise_kernel<128, 4, at::native::gpu_index_kernel<at::native::index_kernel_impl<at::native::OpaqueType<2> >(at::TensorIteratorBase&, c10::ArrayRef<long>, c10::ArrayRef<long>)::{lambda(char*, char*, long)#1}>(at::TensorIteratorBase&, c10::ArrayRef<long>, c10::ArrayRef<long>, at::native::index_kernel_impl<at::native::OpaqueType<2> >(at::TensorIteratorBase&, c10::ArrayRef<long>, c10::ArrayRef<long>)::{lambda(char*, char*, long)#1} const&)::{lambda(int)#1}>(int, at::native::gpu_index_kernel<at::native::index_kernel_impl<at::native::OpaqueType<2> >(at::TensorIteratorBase&, c10::ArrayRef<long>, c10::ArrayRef<long>)::{lambda(char*, char*, long)#1}>(at::TensorIteratorBase&, c10::ArrayRef<long>, c10::ArrayRef<long>, at::native::index_kernel_impl<at::native::OpaqueType<2> >(at::TensorIteratorBase&, c10::ArrayRef<long>, c10::ArrayRef<long>)::{lambda(char*, char*, long)#1} const&)::{lambda(int)#1})",0,12,0,12,0,0,0,0,0.000us,6.000us,0.000us,12.000us,0.000us,12.000us,0.0,6.0,2
aten::repeat,97,2,38,0,0,315392,0,0,48.500us,1.000us,97.000us,2.000us,38.000us,0.000us,48.5,1.0,2
aten::expand,4003,0,3991,0,0,0,0,0,1.209us,0.000us,4.003ms,0.000us,3.991ms,0.000us,1.2093655589123866,0.0,3310
aten::alias,0,0,0,0,0,0,0,0,0.000us,0.000us,0.000us,0.000us,0.000us,0.000us,0.0,0.0,2
aten::unfold,5,0,5,0,0,0,0,0,0.833us,0.000us,5.000us,0.000us,5.000us,0.000us,0.8333333333333334,0.0,6
aten::expand_as,2,0,0,0,0,0,0,0,1.000us,0.000us,2.000us,0.000us,0.000us,0.000us,1.0,0.0,2
Memcpy DtoD (Device -> Device),0,2,0,2,0,0,0,0,0.000us,1.000us,0.000us,2.000us,0.000us,2.000us,0.0,1.0,2
aten::cat,24663,127885,16801,100349,0,14279483392,0,14279483392,16.431us,85.200us,24.663ms,127.885ms,16.801ms,100.349ms,16.431045969353764,85.19986675549633,1501
"void at::native::(anonymous namespace)::CatArrayBatchedCopy<c10::Half, unsigned int, 3, 128, 1>(c10::Half*, at::native::(anonymous namespace)::CatArrInputTensorMetadata<c10::Half, unsigned int, 128, 1>, at::native::(anonymous namespace)::TensorSizeStride<unsigned int, 4u>, int, unsigned int)",0,4,0,4,0,0,0,0,0.000us,4.000us,0.000us,4.000us,0.000us,4.000us,0.0,4.0,1
aten::rsub,21,0,6,0,4000,0,-4,0,21.000us,0.000us,21.000us,0.000us,6.000us,0.000us,21.0,0.0,1
aten::sub,4893,6585,3600,305,4004,14796800,4000,14796800,16.256us,21.877us,4.893ms,6.585ms,3.600ms,305.000us,16.25581395348837,21.877076411960132,301
aten::div,33956,114624,22988,68517,4000,12428204032,4000,12428204032,12.498us,42.188us,33.956ms,114.624ms,22.988ms,68.517ms,12.497607655502392,42.187707029812294,2717
aten::pow,7069,17798,4761,507,4000,256000,4000,256000,14.110us,35.525us,7.069ms,17.798ms,4.761ms,507.000us,14.109780439121757,35.5249500998004,501
aten::result_type,0,0,0,0,0,0,0,0,0.000us,0.000us,0.000us,0.000us,0.000us,0.000us,0.0,0.0,501
aten::detach,11,0,6,0,0,0,0,0,5.500us,0.000us,11.000us,0.000us,6.000us,0.000us,5.5,0.0,2
detach,5,0,5,0,0,0,0,0,2.500us,0.000us,5.000us,0.000us,5.000us,0.000us,2.5,0.0,2
aten::resolve_conj,0,0,0,0,0,0,0,0,0.000us,0.000us,0.000us,0.000us,0.000us,0.000us,0.0,0.0,2
aten::resolve_neg,0,0,0,0,0,0,0,0,0.000us,0.000us,0.000us,0.000us,0.000us,0.000us,0.0,0.0,2
aten::randn,3096,3732,589,0,0,7446528,0,0,30.653us,36.950us,3.096ms,3.732ms,589.000us,0.000us,30.653465346534652,36.95049504950495,101
aten::normal_,2045,3738,1308,308,0,0,0,0,20.248us,37.010us,2.045ms,3.738ms,1.308ms,308.000us,20.247524752475247,37.00990099009901,101
"void at::native::(anonymous namespace)::distribution_elementwise_grid_stride_kernel<float, 4, at::native::templates::cuda::normal_and_transform<c10::Half, float, 4ul, at::CUDAGeneratorImpl*, at::native::templates::cuda::normal_kernel<at::CUDAGeneratorImpl*>(at::TensorBase const&, double, double, at::CUDAGeneratorImpl*)::{lambda()#1}::operator()() const::{lambda()#3}::operator()() const::{lambda(float)#1}>(at::TensorIteratorBase&, at::CUDAGeneratorImpl*, at::native::templates::cuda::normal_kernel<at::CUDAGeneratorImpl*>(at::TensorBase const&, double, double, at::CUDAGeneratorImpl*)::{lambda()#1}::operator()() const::{lambda()#3}::operator()() const::{lambda(float)#1})::{lambda(curandStatePhilox4_32_10*)#2}, at::native::(anonymous namespace)::distribution_nullary_kernel<c10::Half, float, 4, at::CUDAGeneratorImpl*, at::native::templates::cuda::normal_and_transform<c10::Half, float, 4ul, at::CUDAGeneratorImpl*, at::native::templates::cuda::normal_kernel<at::CUDAGeneratorImpl*>(at::TensorBase const&, double, double, at::CUDAGeneratorImpl*)::{lambda()#1}::operator()() const::{lambda()#3}::operator()() const::{lambda(float)#1}>(at::TensorIteratorBase&, at::CUDAGeneratorImpl*, at::native::templates::cuda::normal_kernel<at::CUDAGeneratorImpl*>(at::TensorBase const&, double, double, at::CUDAGeneratorImpl*)::{lambda()#1}::operator()() const::{lambda()#3}::operator()() const::{lambda(float)#1})::{lambda(curandStatePhilox4_32_10*)#2}, at::native::templates::cuda::normal_kernel<at::CUDAGeneratorImpl*>(at::TensorBase const&, double, double, at::CUDAGeneratorImpl*)::{lambda()#1}::operator()() const::{lambda()#3}::operator()() const::{lambda(float)#1}>(at::TensorIteratorBase&, at::CUDAGeneratorImpl*, at::native::templates::cuda::normal_and_transform<c10::Half, float, 4ul, at::CUDAGeneratorImpl*, at::native::templates::cuda::normal_kernel<at::CUDAGeneratorImpl*>(at::TensorBase const&, double, double, at::CUDAGeneratorImpl*)::{lambda()#1}::operator()() const::{lambda()#3}::operator()() const::{lambda(float)#1}>(at::TensorIteratorBase&, at::CUDAGeneratorImpl*, at::native::templates::cuda::normal_kernel<at::CUDAGeneratorImpl*>(at::TensorBase const&, double, double, at::CUDAGeneratorImpl*)::{lambda()#1}::operator()() const::{lambda()#3}::operator()() const::{lambda(float)#1})::{lambda(curandStatePhilox4_32_10*)#2} const&, at::native::templates::cuda::normal_kernel<at::CUDAGeneratorImpl*>(at::TensorBase const&, double, double, at::CUDAGeneratorImpl*)::{lambda()#1}::operator()() const::{lambda()#3}::operator()() const::{lambda(float)#1})::{lambda(int, float)#1}>(int, at::PhiloxCudaState, at::native::templates::cuda::normal_and_transform<c10::Half, float, 4ul, at::CUDAGeneratorImpl*, at::native::templates::cuda::normal_kernel<at::CUDAGeneratorImpl*>(at::TensorBase const&, double, double, at::CUDAGeneratorImpl*)::{lambda()#1}::operator()() const::{lambda()#3}::operator()() const::{lambda(float)#1}>(at::TensorIteratorBase&, at::CUDAGeneratorImpl*, at::native::templates::cuda::normal_kernel<at::CUDAGeneratorImpl*>(at::TensorBase const&, double, double, at::CUDAGeneratorImpl*)::{lambda()#1}::operator()() const::{lambda()#3}::operator()() const::{lambda(float)#1})::{lambda(curandStatePhilox4_32_10*)#2}, at::native::(anonymous namespace)::distribution_nullary_kernel<c10::Half, float, 4, at::CUDAGeneratorImpl*, at::native::templates::cuda::normal_and_transform<c10::Half, float, 4ul, at::CUDAGeneratorImpl*, at::native::templates::cuda::normal_kernel<at::CUDAGeneratorImpl*>(at::TensorBase const&, double, double, at::CUDAGeneratorImpl*)::{lambda()#1}::operator()() const::{lambda()#3}::operator()() const::{lambda(float)#1}>(at::TensorIteratorBase&, at::CUDAGeneratorImpl*, at::native::templates::cuda::normal_kernel<at::CUDAGeneratorImpl*>(at::TensorBase const&, double, double, at::CUDAGeneratorImpl*)::{lambda()#1}::operator()() const::{lambda()#3}::operator()() const::{lambda(float)#1})::{lambda(curandStatePhilox4_32_10*)#2}, at::native::templates::cuda::normal_kernel<at::CUDAGeneratorImpl*>(at::TensorBase const&, double, double, at::CUDAGeneratorImpl*)::{lambda()#1}::operator()() const::{lambda()#3}::operator()() const::{lambda(float)#1}>(at::TensorIteratorBase&, at::CUDAGeneratorImpl*, at::native::templates::cuda::normal_and_transform<c10::Half, float, 4ul, at::CUDAGeneratorImpl*, at::native::templates::cuda::normal_kernel<at::CUDAGeneratorImpl*>(at::TensorBase const&, double, double, at::CUDAGeneratorImpl*)::{lambda()#1}::operator()() const::{lambda()#3}::operator()() const::{lambda(float)#1}>(at::TensorIteratorBase&, at::CUDAGeneratorImpl*, at::native::templates::cuda::normal_kernel<at::CUDAGeneratorImpl*>(at::TensorBase const&, double, double, at::CUDAGeneratorImpl*)::{lambda()#1}::operator()() const::{lambda()#3}::operator()() const::{lambda(float)#1})::{lambda(curandStatePhilox4_32_10*)#2} const&, at::native::templates::cuda::normal_kernel<at::CUDAGeneratorImpl*>(at::TensorBase const&, double, double, at::CUDAGeneratorImpl*)::{lambda()#1}::operator()() const::{lambda()#3}::operator()() const::{lambda(float)#1})::{lambda(int, float)#1})",0,308,0,308,0,0,0,0,0.000us,3.050us,0.000us,308.000us,0.000us,308.000us,0.0,3.0495049504950495,101
aten::unbind,102,0,98,0,0,0,0,0,102.000us,0.000us,102.000us,0.000us,98.000us,0.000us,102.0,0.0,1
aten::select,1683,0,1673,0,0,0,0,0,4.207us,0.000us,1.683ms,0.000us,1.673ms,0.000us,4.2075,0.0,400
"void at::native::(anonymous namespace)::CatArrayBatchedCopy<c10::Half, unsigned int, 4, 128, 1>(c10::Half*, at::native::(anonymous namespace)::CatArrInputTensorMetadata<c10::Half, unsigned int, 128, 1>, at::native::(anonymous namespace)::TensorSizeStride<unsigned int, 4u>, int, unsigned int)",0,99942,0,99942,0,0,0,0,0.000us,76.878us,0.000us,99.942ms,0.000us,99.942ms,0.0,76.87846153846154,1300
aten::eq,11992,4938,2339,400,0,102400,0,102400,59.960us,24.690us,11.992ms,4.938ms,2.339ms,400.000us,59.96,24.69,200
"void at::native::elementwise_kernel<128, 4, at::native::gpu_kernel_impl<at::native::BinaryFunctor<double, double, bool, at::native::(anonymous namespace)::CompareEqFunctor<double> > >(at::TensorIteratorBase&, at::native::BinaryFunctor<double, double, bool, at::native::(anonymous namespace)::CompareEqFunctor<double> > const&)::{lambda(int)#1}>(int, at::native::gpu_kernel_impl<at::native::BinaryFunctor<double, double, bool, at::native::(anonymous namespace)::CompareEqFunctor<double> > >(at::TensorIteratorBase&, at::native::BinaryFunctor<double, double, bool, at::native::(anonymous namespace)::CompareEqFunctor<double> > const&)::{lambda(int)#1})",0,400,0,400,0,0,0,0,0.000us,2.000us,0.000us,400.000us,0.000us,400.000us,0.0,2.0,200
aten::nonzero,20276053,44444,7255,1007,0,102400,0,512,101.380ms,222.220us,20.276s,44.444ms,7.255ms,1.007ms,101380.265,222.22,200
cudaGetDeviceCount,0,0,0,0,0,0,0,0,0.000us,0.000us,0.000us,0.000us,0.000us,0.000us,0.0,0.0,2
cudaFuncGetAttributes,293,5745,293,378,0,0,0,0,2.901us,56.881us,293.000us,5.745ms,293.000us,378.000us,2.900990099009901,56.881188118811885,101
cudaPeekAtLastError,0,26780,0,26780,0,0,0,0,0.000us,22.317us,0.000us,26.780ms,0.000us,26.780ms,0.0,22.316666666666666,1200
"void at_cuda_detail::cub::DeviceReduceSingleTileKernel<at_cuda_detail::cub::DeviceReducePolicy<bool, int, int, at_cuda_detail::cub::Sum>::Policy600, at_cuda_detail::cub::TransformInputIterator<bool, at::native::(anonymous namespace)::NonZeroOp<bool>, bool*, long>, int*, int, at_cuda_detail::cub::Sum, int>(at_cuda_detail::cub::TransformInputIterator<bool, at::native::(anonymous namespace)::NonZeroOp<bool>, bool*, long>, int*, int, at_cuda_detail::cub::Sum, int)",0,358,0,358,0,0,0,0,0.000us,1.790us,0.000us,358.000us,0.000us,358.000us,0.0,1.79,200
Memcpy DtoH (Device -> Pageable),0,846,0,846,0,0,0,0,0.000us,1.408us,0.000us,846.000us,0.000us,846.000us,0.0,1.4076539101497505,601
"void at_cuda_detail::cub::DeviceCompactInitKernel<at_cuda_detail::cub::ScanTileState<int, true>, int*>(at_cuda_detail::cub::ScanTileState<int, true>, int, int*)",0,201,0,201,0,0,0,0,0.000us,1.005us,0.000us,201.000us,0.000us,201.000us,0.0,1.005,200
"void at_cuda_detail::cub::DeviceSelectSweepKernel<at_cuda_detail::cub::DispatchSelectIf<at_cuda_detail::cub::CountingInputIterator<long, long>, at_cuda_detail::cub::TransformInputIterator<bool, at::native::(anonymous namespace)::NonZeroOp<bool>, bool*, long>, long*, int*, at_cuda_detail::cub::NullType, at_cuda_detail::cub::NullType, int, false>::PtxSelectIfPolicyT, at_cuda_detail::cub::CountingInputIterator<long, long>, at_cuda_detail::cub::TransformInputIterator<bool, at::native::(anonymous namespace)::NonZeroOp<bool>, bool*, long>, long*, int*, at_cuda_detail::cub::ScanTileState<int, true>, at_cuda_detail::cub::NullType, at_cuda_detail::cub::NullType, int, false>(at_cuda_detail::cub::CountingInputIterator<long, long>, at_cuda_detail::cub::TransformInputIterator<bool, at::native::(anonymous namespace)::NonZeroOp<bool>, bool*, long>, long*, int*, at_cuda_detail::cub::ScanTileState<int, true>, at_cuda_detail::cub::NullType, at_cuda_detail::cub::NullType, int, int)",0,408,0,408,0,0,0,0,0.000us,2.040us,0.000us,408.000us,0.000us,408.000us,0.0,2.04,200
aten::set_,343,0,343,0,0,0,0,0,1.089us,0.000us,343.000us,0.000us,343.000us,0.000us,1.0888888888888888,0.0,315
"void at::native::vectorized_elementwise_kernel<4, at::native::(anonymous namespace)::pow_tensor_scalar_kernel_impl<float, float>(at::TensorIteratorBase&, float)::{lambda(float)#1}, at::detail::Array<char*, 2> >(int, at::native::(anonymous namespace)::pow_tensor_scalar_kernel_impl<float, float>(at::TensorIteratorBase&, float)::{lambda(float)#1}, at::detail::Array<char*, 2>)",0,75,0,75,0,0,0,0,0.000us,1.000us,0.000us,75.000us,0.000us,75.000us,0.0,1.0,75
"void at::native::vectorized_elementwise_kernel<4, at::native::CUDAFunctorOnSelf_add<float>, at::detail::Array<char*, 2> >(int, at::native::CUDAFunctorOnSelf_add<float>, at::detail::Array<char*, 2>)",0,305,0,305,0,0,0,0,0.000us,1.017us,0.000us,305.000us,0.000us,305.000us,0.0,1.0166666666666666,300
"void at::native::vectorized_elementwise_kernel<4, at::native::sqrt_kernel_cuda(at::TensorIteratorBase&)::{lambda()#2}::operator()() const::{lambda()#2}::operator()() const::{lambda(float)#1}, at::detail::Array<char*, 2> >(int, at::native::sqrt_kernel_cuda(at::TensorIteratorBase&)::{lambda()#2}::operator()() const::{lambda()#2}::operator()() const::{lambda(float)#1}, at::detail::Array<char*, 2>)",0,205,0,205,0,0,0,0,0.000us,1.025us,0.000us,205.000us,0.000us,205.000us,0.0,1.025,200
"void at::native::elementwise_kernel<128, 4, at::native::gpu_kernel_impl<at::native::BinaryFunctor<c10::Half, c10::Half, c10::Half, at::native::binary_internal::DivFunctor<c10::Half> > >(at::TensorIteratorBase&, at::native::BinaryFunctor<c10::Half, c10::Half, c10::Half, at::native::binary_internal::DivFunctor<c10::Half> > const&)::{lambda(int)#2}>(int, at::native::gpu_kernel_impl<at::native::BinaryFunctor<c10::Half, c10::Half, c10::Half, at::native::binary_internal::DivFunctor<c10::Half> > >(at::TensorIteratorBase&, at::native::BinaryFunctor<c10::Half, c10::Half, c10::Half, at::native::binary_internal::DivFunctor<c10::Half> > const&)::{lambda(int)#2})",0,1316,0,1316,0,0,0,0,0.000us,4.387us,0.000us,1.316ms,0.000us,1.316ms,0.0,4.386666666666667,300
"void (anonymous namespace)::elementwise_kernel_with_index<int, at::native::arange_cuda_out(c10::Scalar const&, c10::Scalar const&, c10::Scalar const&, at::Tensor&)::{lambda()#1}::operator()() const::{lambda()#7}::operator()() const::{lambda(long)#1}>(int, at::native::arange_cuda_out(c10::Scalar const&, c10::Scalar const&, c10::Scalar const&, at::Tensor&)::{lambda()#1}::operator()() const::{lambda()#7}::operator()() const::{lambda(long)#1}, function_traits<at::native::arange_cuda_out(c10::Scalar const&, c10::Scalar const&, c10::Scalar const&, at::Tensor&)::{lambda()#1}::operator()() const::{lambda()#7}::operator()() const::{lambda(long)#1}>::result_type*)",0,100,0,100,0,0,0,0,0.000us,1.000us,0.000us,100.000us,0.000us,100.000us,0.0,1.0,100
"void at::native::vectorized_elementwise_kernel<4, at::native::AUnaryFunctor<float, float, float, at::native::binary_internal::MulFunctor<float> >, at::detail::Array<char*, 2> >(int, at::native::AUnaryFunctor<float, float, float, at::native::binary_internal::MulFunctor<float> >, at::detail::Array<char*, 2>)",0,227,0,227,0,0,0,0,0.000us,1.009us,0.000us,227.000us,0.000us,227.000us,0.0,1.008888888888889,225
"void at::native::vectorized_elementwise_kernel<4, at::native::BUnaryFunctor<float, float, float, at::native::binary_internal::MulFunctor<float> >, at::detail::Array<char*, 2> >(int, at::native::BUnaryFunctor<float, float, float, at::native::binary_internal::MulFunctor<float> >, at::detail::Array<char*, 2>)",0,103,0,103,0,0,0,0,0.000us,1.030us,0.000us,103.000us,0.000us,103.000us,0.0,1.03,100
aten::exp,1227,272,834,107,0,102400,0,102400,12.270us,2.720us,1.227ms,272.000us,834.000us,107.000us,12.27,2.72,100
"void at::native::vectorized_elementwise_kernel<4, at::native::exp_kernel_cuda(at::TensorIteratorBase&)::{lambda()#2}::operator()() const::{lambda()#2}::operator()() const::{lambda(float)#1}, at::detail::Array<char*, 2> >(int, at::native::exp_kernel_cuda(at::TensorIteratorBase&)::{lambda()#2}::operator()() const::{lambda()#2}::operator()() const::{lambda(float)#1}, at::detail::Array<char*, 2>)",0,107,0,107,0,0,0,0,0.000us,1.070us,0.000us,107.000us,0.000us,107.000us,0.0,1.07,100
"void at::native::elementwise_kernel<128, 4, at::native::gpu_kernel_impl<at::native::direct_copy_kernel_cuda(at::TensorIteratorBase&)::{lambda()#2}::operator()() const::{lambda()#7}::operator()() const::{lambda(float)#1}>(at::TensorIteratorBase&, at::native::direct_copy_kernel_cuda(at::TensorIteratorBase&)::{lambda()#2}::operator()() const::{lambda()#7}::operator()() const::{lambda(float)#1} const&)::{lambda(int)#2}>(int, at::native::gpu_kernel_impl<at::native::direct_copy_kernel_cuda(at::TensorIteratorBase&)::{lambda()#2}::operator()() const::{lambda()#7}::operator()() const::{lambda(float)#1}>(at::TensorIteratorBase&, at::native::direct_copy_kernel_cuda(at::TensorIteratorBase&)::{lambda()#2}::operator()() const::{lambda()#7}::operator()() const::{lambda(float)#1} const&)::{lambda(int)#2})",0,200,0,200,0,0,0,0,0.000us,2.000us,0.000us,200.000us,0.000us,200.000us,0.0,2.0,100
"void at::native::elementwise_kernel<128, 2, at::native::gpu_kernel_impl<at::native::BinaryFunctor<float, float, float, at::native::binary_internal::MulFunctor<float> > >(at::TensorIteratorBase&, at::native::BinaryFunctor<float, float, float, at::native::binary_internal::MulFunctor<float> > const&)::{lambda(int)#1}>(int, at::native::gpu_kernel_impl<at::native::BinaryFunctor<float, float, float, at::native::binary_internal::MulFunctor<float> > >(at::TensorIteratorBase&, at::native::BinaryFunctor<float, float, float, at::native::binary_internal::MulFunctor<float> > const&)::{lambda(int)#1})",0,200,0,200,0,0,0,0,0.000us,2.000us,0.000us,200.000us,0.000us,200.000us,0.0,2.0,100
aten::sin,1294,1567,845,200,0,153600,0,153600,12.940us,15.670us,1.294ms,1.567ms,845.000us,200.000us,12.94,15.67,100
"void at::native::vectorized_elementwise_kernel<4, at::native::sin_kernel_cuda(at::TensorIteratorBase&)::{lambda()#2}::operator()() const::{lambda()#2}::operator()() const::{lambda(float)#1}, at::detail::Array<char*, 2> >(int, at::native::sin_kernel_cuda(at::TensorIteratorBase&)::{lambda()#2}::operator()() const::{lambda()#2}::operator()() const::{lambda(float)#1}, at::detail::Array<char*, 2>)",0,200,0,200,0,0,0,0,0.000us,2.000us,0.000us,200.000us,0.000us,200.000us,0.0,2.0,100
aten::cos,1291,1632,833,200,0,153600,0,153600,12.910us,16.320us,1.291ms,1.632ms,833.000us,200.000us,12.91,16.32,100
"void at::native::vectorized_elementwise_kernel<4, at::native::cos_kernel_cuda(at::TensorIteratorBase&)::{lambda()#2}::operator()() const::{lambda()#2}::operator()() const::{lambda(float)#1}, at::detail::Array<char*, 2> >(int, at::native::cos_kernel_cuda(at::TensorIteratorBase&)::{lambda()#2}::operator()() const::{lambda()#2}::operator()() const::{lambda(float)#1}, at::detail::Array<char*, 2>)",0,200,0,200,0,0,0,0,0.000us,2.000us,0.000us,200.000us,0.000us,200.000us,0.0,2.0,100
"void at::native::(anonymous namespace)::CatArrayBatchedCopy<float, unsigned int, 2, 128, 1>(float*, at::native::(anonymous namespace)::CatArrInputTensorMetadata<float, unsigned int, 128, 1>, at::native::(anonymous namespace)::TensorSizeStride<unsigned int, 4u>, int, unsigned int)",0,200,0,200,0,0,0,0,0.000us,2.000us,0.000us,200.000us,0.000us,200.000us,0.0,2.0,100
"void at::native::(anonymous namespace)::CatArrayBatchedCopy<float, unsigned int, 2, 64, 64>(float*, at::native::(anonymous namespace)::CatArrInputTensorMetadata<float, unsigned int, 64, 64>, at::native::(anonymous namespace)::TensorSizeStride<unsigned int, 4u>, int, unsigned int)",0,203,0,203,0,0,0,0,0.000us,2.030us,0.000us,203.000us,0.000us,203.000us,0.0,2.03,100
"void at::native::unrolled_elementwise_kernel<at::native::direct_copy_kernel_cuda(at::TensorIteratorBase&)::{lambda()#2}::operator()() const::{lambda()#10}::operator()() const::{lambda(c10::Half)#1}, at::detail::Array<char*, 2>, TrivialOffsetCalculator<1, unsigned int>, TrivialOffsetCalculator<1, unsigned int>, at::native::memory::LoadWithCast<1>, at::native::memory::StoreWithCast<1> >(int, at::native::direct_copy_kernel_cuda(at::TensorIteratorBase&)::{lambda()#2}::operator()() const::{lambda()#10}::operator()() const::{lambda(c10::Half)#1}, at::detail::Array<char*, 2>, TrivialOffsetCalculator<1, unsigned int>, TrivialOffsetCalculator<1, unsigned int>, at::native::memory::LoadWithCast<1>, at::native::memory::StoreWithCast<1>)",0,1600,0,1600,0,0,0,0,0.000us,15.842us,0.000us,1.600ms,0.000us,1.600ms,0.0,15.841584158415841,101
"void gemmSN_TN_kernel<float, 128, 16, 2, 4, 2, 2, true, cublasGemvTensorStridedBatched<__half const>, cublasGemvTensorStridedBatched<__half const>, cublasGemvTensorStridedBatched<__half> >(cublasGemmSmallNParams<cublasGemvTensorStridedBatched<__half const>, cublasGemvTensorStridedBatched<__half const>, cublasGemvTensorStridedBatched<__half>, float>)",0,542,0,542,0,0,0,0,0.000us,5.420us,0.000us,542.000us,0.000us,542.000us,0.0,5.42,100
aten::silu,84038,339899,55409,193753,0,33521446912,0,33521446912,12.306us,49.773us,84.038ms,339.899ms,55.409ms,193.753ms,12.30604773758969,49.77288036315712,6829
"void at::native::vectorized_elementwise_kernel<4, at::native::(anonymous namespace)::silu_kernel(at::TensorIteratorBase&)::{lambda()#1}::operator()() const::{lambda()#3}::operator()() const::{lambda(c10::Half)#1}, at::detail::Array<char*, 2> >(int, at::native::(anonymous namespace)::silu_kernel(at::TensorIteratorBase&)::{lambda()#1}::operator()() const::{lambda()#3}::operator()() const::{lambda(c10::Half)#1}, at::detail::Array<char*, 2>)",0,193753,0,193753,0,0,0,0,0.000us,28.372us,0.000us,193.753ms,0.000us,193.753ms,0.0,28.372089617806413,6829
void cutlass::Kernel<cutlass_75_wmma_tensorop_f16_s161616gemm_f16_16x16_128x2_tn_align8>(cutlass_75_wmma_tensorop_f16_s161616gemm_f16_16x16_128x2_tn_align8::Params),0,27960,0,27960,0,0,0,0,0.000us,12.157us,0.000us,27.960ms,0.000us,27.960ms,0.0,12.156521739130435,2300
aten::conv2d,1483221,11447913,7260,0,0,39936663552,0,-302759936,223.511us,1.725ms,1.483s,11.448s,7.260ms,0.000us,223.5113019891501,1725.122513562387,6636
aten::convolution,1475408,11360127,21752,0,0,39936663552,0,848134144,222.334us,1.712ms,1.475s,11.360s,21.752ms,0.000us,222.333936106088,1711.8937613019891,6636
aten::_convolution,1461866,11531830,41623,0,0,39936663552,0,0,220.293us,1.738ms,1.462s,11.532s,41.623ms,0.000us,220.29324894514767,1737.7682338758289,6636
aten::cudnn_convolution,1330376,11088764,329172,10097620,0,39936663552,0,39936663552,200.479us,1.671ms,1.330s,11.089s,329.172ms,10.098s,200.47860156720915,1671.0012055455093,6636
cudaDriverGetVersion,0,0,0,0,0,0,0,0,0.000us,0.000us,0.000us,0.000us,0.000us,0.000us,0.0,0.0,1
cudaGetDeviceProperties,76,0,76,0,0,0,0,0,76.000us,0.000us,76.000us,0.000us,76.000us,0.000us,76.0,0.0,1
cudaStreamCreateWithFlags,62978,153,62978,153,0,0,0,0,3.936ms,9.562us,62.978ms,153.000us,62.978ms,153.000us,3936.125,9.5625,16
cudaMemsetAsync,580286,118078,580286,118078,0,0,0,0,88.987us,18.107us,580.286ms,118.078ms,580.286ms,118.078ms,88.9872718908143,18.107345499156573,6521
cudaHostAlloc,509,0,509,0,0,0,0,0,509.000us,0.000us,509.000us,0.000us,509.000us,0.000us,509.0,0.0,1
Memset (Device),0,379,0,379,0,0,0,0,0.000us,0.090us,0.000us,379.000us,0.000us,379.000us,0.0,0.09019514516896716,4202
cudaHostGetDevicePointer,1,0,1,0,0,0,0,0,1.000us,0.000us,1.000us,0.000us,1.000us,0.000us,1.0,0.0,1
cudaStreamGetPriority,4,121344,4,121344,0,0,0,0,0.001us,18.286us,4.000us,121.344ms,4.000us,121.344ms,0.0006027727546714888,18.285714285714285,6636
cudaDeviceGetStreamPriorityRange,1,115846,1,115846,0,0,0,0,0.000us,17.457us,1.000us,115.846ms,1.000us,115.846ms,0.0001506931886678722,17.457203134418325,6636
"void implicit_convolve_sgemm<__half, __half, 1024, 5, 5, 3, 3, 3, 1, false, false, true>(int, int, int, __half const*, int, __half*, __half const*, kernel_conv_params, unsigned long long, int, float, float, int, __half const*, __half const*, bool, int, int)",0,14566,0,14566,0,0,0,0,0.000us,144.218us,0.000us,14.566ms,0.000us,14.566ms,0.0,144.21782178217822,101
aten::add_,87423,577989,57060,413614,0,0,0,0,10.611us,70.153us,87.423ms,577.989ms,57.060ms,413.614ms,10.61087510620221,70.15280980701542,8239
aten::group_norm,288346,1020417,14966,0,0,45114942976,0,-32626688,47.038us,166.463us,288.346ms,1.020s,14.966ms,0.000us,47.038499184339315,166.46280587275695,6130
aten::native_group_norm,273277,1019843,136128,674141,0,45100383744,0,-101577216,44.580us,166.369us,273.277ms,1.020s,136.128ms,674.141ms,44.580261011419246,166.36916802610114,6130
"void at::native::(anonymous namespace)::RowwiseMomentsCUDAKernel<c10::Half>(long, c10::Half, c10::Half const*, c10::Half*, c10::Half*)",0,335584,0,335584,0,0,0,0,0.000us,54.745us,0.000us,335.584ms,0.000us,335.584ms,0.0,54.74453507340946,6130
"void at::native::(anonymous namespace)::ComputeFusedParamsCUDAKernel<c10::Half>(long, long, long, c10::Half const*, c10::Half const*, c10::Half const*, c10::Half const*, at::AccumulateType<c10::Half, true>::type*, at::AccumulateType<c10::Half, true>::type*)",0,12467,0,12467,0,0,0,0,0.000us,2.034us,0.000us,12.467ms,0.000us,12.467ms,0.0,2.033768352365416,6130
"void at::native::elementwise_kernel<128, 4, at::native::gpu_kernel_impl<at::native::(anonymous namespace)::GroupNormKernelImplInternal<c10::Half>(at::Tensor const&, at::Tensor const&, at::Tensor const&, long, long, long, long, c10::Half, at::Tensor&, at::Tensor&, at::Tensor&)::{lambda(c10::Half, float, float)#1}>(at::TensorIteratorBase&, at::native::(anonymous namespace)::GroupNormKernelImplInternal<c10::Half>(at::Tensor const&, at::Tensor const&, at::Tensor const&, long, long, long, long, c10::Half, at::Tensor&, at::Tensor&, at::Tensor&)::{lambda(c10::Half, float, float)#1} const&)::{lambda(int)#1}>(int, at::native::gpu_kernel_impl<at::native::(anonymous namespace)::GroupNormKernelImplInternal<c10::Half>(at::Tensor const&, at::Tensor const&, at::Tensor const&, long, long, long, long, c10::Half, at::Tensor&, at::Tensor&, at::Tensor&)::{lambda(c10::Half, float, float)#1}>(at::TensorIteratorBase&, at::native::(anonymous namespace)::GroupNormKernelImplInternal<c10::Half>(at::Tensor const&, at::Tensor const&, at::Tensor const&, long, long, long, long, c10::Half, at::Tensor&, at::Tensor&, at::Tensor&)::{lambda(c10::Half, float, float)#1} const&)::{lambda(int)#1})",0,326090,0,326090,0,0,0,0,0.000us,53.196us,0.000us,326.090ms,0.000us,326.090ms,0.0,53.19575856443719,6130
"void cudnn::ops::nchwToNhwcKernel<__half, __half, float, false, true, (cudnnKernelDataType_t)0>(cudnn::ops::nchw2nhwc_params_t<float>, __half const*, __half*)",0,1734137,0,1734137,0,0,0,0,0.000us,165.724us,0.000us,1.734s,0.000us,1.734s,0.0,165.7241016819572,10464
"void cask_cudnn::computeOffsetsKernel<false, false>(cask_cudnn::ComputeOffsetsParams)",0,4647,0,4647,0,0,0,0,0.000us,2.004us,0.000us,4.647ms,0.000us,4.647ms,0.0,2.0038809831824063,2319
cudnn_turing_fp16_s1688cudnn_fp16_256x128_ldg8_relu_f2f_exp_medium_nhwc_tn_v1,0,4479604,0,4479604,0,0,0,0,0.000us,2.019ms,0.000us,4.480s,0.000us,4.480s,0.0,2018.748986029743,2219
aten::permute,8249,0,6642,0,0,0,0,0,2.574us,0.000us,8.249ms,0.000us,6.642ms,0.000us,2.5737909516380655,0.0,3205
aten::matmul,296176,1594931,50977,0,0,55841873920,0,0,26.437us,142.366us,296.176ms,1.595s,50.977ms,0.000us,26.437204320271356,142.36641970900652,11203
aten::mm,177749,1302027,129043,963076,0,44474195968,0,44474195968,18.516us,135.628us,177.749ms,1.302s,129.043ms,963.076ms,18.515520833333333,135.6278125,9600
"void cudnn::ops::nhwcToNchwKernel<__half, __half, float, true, false, (cudnnKernelDataType_t)0>(cudnn::ops::nhwc2nchw_params_t<float>, __half const*, __half*)",0,185141,0,185141,0,0,0,0,0.000us,34.083us,0.000us,185.141ms,0.000us,185.141ms,0.0,34.08339469808542,5432
aten::scaled_dot_product_attention,93118,6318429,15505,0,0,21263941632,0,483950592,29.099us,1.975ms,93.118ms,6.318s,15.505ms,0.000us,29.099375,1974.5090625,3200
aten::_scaled_dot_product_efficient_attention,79568,6403163,20950,0,0,21263941632,0,0,24.865us,2.001ms,79.568ms,6.403s,20.950ms,0.000us,24.865,2000.9884375,3200
aten::_efficient_attention_forward,53365,6403163,22827,6324294,0,21263941632,0,0,16.677us,2.001ms,53.365ms,6.403s,22.827ms,6.324s,16.6765625,2000.9884375,3200
aten::chunk,14676,0,2428,0,0,0,0,0,8.633us,0.000us,14.676ms,0.000us,2.428ms,0.000us,8.632941176470588,0.0,1700
aten::split,12637,0,5221,0,0,0,0,0,7.434us,0.000us,12.637ms,0.000us,5.221ms,0.000us,7.433529411764706,0.0,1700
aten::narrow,7193,0,5232,0,0,0,0,0,2.116us,0.000us,7.193ms,0.000us,5.232ms,0.000us,2.1155882352941178,0.0,3400
"void at::native::vectorized_elementwise_kernel<4, at::native::BUnaryFunctor<c10::Half, c10::Half, c10::Half, at::native::binary_internal::MulFunctor<float> >, at::detail::Array<char*, 2> >(int, at::native::BUnaryFunctor<c10::Half, c10::Half, c10::Half, at::native::binary_internal::MulFunctor<float> >, at::detail::Array<char*, 2>)",0,66993,0,66993,0,0,0,0,0.000us,30.231us,0.000us,66.993ms,0.000us,66.993ms,0.0,30.23149819494585,2216
turing_fp16_s1688gemm_fp16_128x128_ldg8_f2f_stages_32x1_tt,0,241746,0,241746,0,0,0,0,0.000us,151.091us,0.000us,241.746ms,0.000us,241.746ms,0.0,151.09125,1600
"void attention_kernel_batched<AttentionKernel<cutlass::half_t, cutlass::arch::Sm75, true, 64l, 64l, true> >(AttentionKernel<cutlass::half_t, cutlass::arch::Sm75, true, 64l, 64l, true>::Params)",0,6324294,0,6324294,0,0,0,0,0.000us,1.976ms,0.000us,6.324s,0.000us,6.324s,0.0,1976.341875,3200
INVALID,22178,76368,22178,76368,0,0,0,0,6.903us,23.768us,22.178ms,76.368ms,22.178ms,76.368ms,6.902583255524432,23.76844070961718,3213
turing_fp16_s1688gemm_fp16_128x128_ldg8_f2f_stages_32x1_tn,0,11738,0,11738,0,0,0,0,0.000us,11.738us,0.000us,11.738ms,0.000us,11.738ms,0.0,11.738,1000
"void splitKreduce_kernel<32, 16, int, __half, __half, float, __half, true, false, false>(cublasSplitKParams<float>, __half const*, __half const*, __half*, float const*, float const*, __half const*, __half const*, __half*, void*, long, float*, int*)",0,3001,0,3001,0,0,0,0,0.000us,3.001us,0.000us,3.001ms,0.000us,3.001ms,0.0,3.001,1000
"void at::native::elementwise_kernel<128, 4, at::native::gpu_kernel_impl<at::native::GeluCUDAKernelImpl(at::TensorIteratorBase&, at::native::GeluType)::{lambda()#2}::operator()() const::{lambda()#3}::operator()() const::{lambda(c10::Half)#1}>(at::TensorIteratorBase&, at::native::GeluCUDAKernelImpl(at::TensorIteratorBase&, at::native::GeluType)::{lambda()#2}::operator()() const::{lambda()#3}::operator()() const::{lambda(c10::Half)#1} const&)::{lambda(int)#1}>(int, at::native::gpu_kernel_impl<at::native::GeluCUDAKernelImpl(at::TensorIteratorBase&, at::native::GeluType)::{lambda()#2}::operator()() const::{lambda()#3}::operator()() const::{lambda(c10::Half)#1}>(at::TensorIteratorBase&, at::native::GeluCUDAKernelImpl(at::TensorIteratorBase&, at::native::GeluType)::{lambda()#2}::operator()() const::{lambda()#3}::operator()() const::{lambda(c10::Half)#1} const&)::{lambda(int)#1})",0,376091,0,376091,0,0,0,0,0.000us,235.057us,0.000us,376.091ms,0.000us,376.091ms,0.0,235.056875,1600
"void at::native::elementwise_kernel<128, 4, at::native::gpu_kernel_impl<at::native::BinaryFunctor<c10::Half, c10::Half, c10::Half, at::native::binary_internal::MulFunctor<float> > >(at::TensorIteratorBase&, at::native::BinaryFunctor<c10::Half, c10::Half, c10::Half, at::native::binary_internal::MulFunctor<float> > const&)::{lambda(int)#1}>(int, at::native::gpu_kernel_impl<at::native::BinaryFunctor<c10::Half, c10::Half, c10::Half, at::native::binary_internal::MulFunctor<float> > >(at::TensorIteratorBase&, at::native::BinaryFunctor<c10::Half, c10::Half, c10::Half, at::native::binary_internal::MulFunctor<float> > const&)::{lambda(int)#1})",0,384908,0,384908,0,0,0,0,0.000us,240.567us,0.000us,384.908ms,0.000us,384.908ms,0.0,240.5675,1600
aten::upsample_nearest2d,5084,41394,3451,36266,0,4523360256,0,4512874496,16.560us,134.834us,5.084ms,41.394ms,3.451ms,36.266ms,16.560260586319217,134.83387622149837,307
sm75_xmma_fprop_implicit_gemm_indexed_f16f16_f16f32_f32_nhwckrsc_nhwc_tilesize128x128x32_stage1_warpsize2x2x1_g1_tensor16x8x8_execute_kernel_cudnn,0,112679,0,112679,0,0,0,0,0.000us,563.395us,0.000us,112.679ms,0.000us,112.679ms,0.0,563.395,200
sm75_xmma_fprop_implicit_gemm_f16f16_f16f32_f32_nhwckrsc_nhwc_tilesize128x256x32_stage1_warpsize2x4x1_g1_tensor16x8x8_execute_kernel_cudnn,0,2448071,0,2448071,0,0,0,0,0.000us,2.040ms,0.000us,2.448s,0.000us,2.448s,0.0,2040.0591666666667,1200
turing_fp16_s1688gemm_fp16_128x128_ldg8_f2f_stages_32x1_nn,0,188771,0,188771,0,0,0,0,0.000us,269.673us,0.000us,188.771ms,0.000us,188.771ms,0.0,269.67285714285714,700
turing_fp16_s1688gemm_fp16_128x256_ldg8_relu_f2f_stages_32x1_tn,0,751312,0,751312,0,0,0,0,0.000us,375.656us,0.000us,751.312ms,0.000us,751.312ms,0.0,375.656,2000
turing_fp16_s1688gemm_fp16_64x64_sliced1x4_ldg8_f2f_tn,0,22941,0,22941,0,0,0,0,0.000us,22.941us,0.000us,22.941ms,0.000us,22.941ms,0.0,22.941,1000
turing_fp16_s1688gemm_fp16_128x256_ldg8_relu_f2f_tn,0,327620,0,327620,0,0,0,0,0.000us,655.240us,0.000us,327.620ms,0.000us,327.620ms,0.0,655.24,500
turing_fp16_s1688gemm_fp16_64x128_sliced1x2_ldg8_f2f_tn,0,30696,0,30696,0,0,0,0,0.000us,25.580us,0.000us,30.696ms,0.000us,30.696ms,0.0,25.58,1200
turing_fp16_s1688gemm_fp16_256x128_ldg8_relu_f2f_tn,0,541412,0,541412,0,0,0,0,0.000us,902.353us,0.000us,541.412ms,0.000us,541.412ms,0.0,902.3533333333334,600
sm75_xmma_fprop_implicit_gemm_indexed_f16f16_f16f32_f32_nhwckrsc_nhwc_tilesize64x256x64_stage1_warpsize1x4x2_g1_tensor16x8x8_execute_kernel_cudnn,0,610335,0,610335,0,0,0,0,0.000us,435.954us,0.000us,610.335ms,0.000us,610.335ms,0.0,435.9535714285714,1400
turing_fp16_s1688gemm_fp16_128x64_sliced1x2_ldg8_f2f_tn,0,20032,0,20032,0,0,0,0,0.000us,50.080us,0.000us,20.032ms,0.000us,20.032ms,0.0,50.08,400
turing_fp16_s1688gemm_fp16_128x64_sliced1x2_ldg8_relu_f2f_tn,0,15179,0,15179,0,0,0,0,0.000us,50.597us,0.000us,15.179ms,0.000us,15.179ms,0.0,50.596666666666664,300
turing_fp16_s1688gemm_fp16_256x64_sliced1x2_ldg8_relu_f2f_tn,0,16714,0,16714,0,0,0,0,0.000us,167.140us,0.000us,16.714ms,0.000us,16.714ms,0.0,167.14,100
sm75_xmma_fprop_implicit_gemm_f16f16_f16f32_f32_nhwckrsc_nhwc_tilesize256x64x32_stage1_warpsize4x1x1_g1_tensor16x8x8_execute_kernel_cudnn,0,49547,0,49547,0,0,0,0,0.000us,165.157us,0.000us,49.547ms,0.000us,49.547ms,0.0,165.15666666666667,300
"void at::native::(anonymous namespace)::upsample_nearest2d_out_frame<c10::Half, &at::native::nearest_neighbor_compute_source_index>(c10::Half const*, c10::Half*, unsigned long, unsigned long, unsigned long, unsigned long, unsigned long, float, float)",0,36266,0,36266,0,0,0,0,0.000us,119.690us,0.000us,36.266ms,0.000us,36.266ms,0.0,119.6897689768977,303
cudnn_turing_fp16_s1688cudnn_fp16_256x128_ldg8_relu_filter1x1_stg8_interior_nchw_nn_v1,0,29555,0,29555,0,0,0,0,0.000us,295.550us,0.000us,29.555ms,0.000us,29.555ms,0.0,295.55,100
turing_fp16_s1688gemm_fp16_256x64_ldg8_f2f_stages_32x1_nn,0,127881,0,127881,0,0,0,0,0.000us,426.270us,0.000us,127.881ms,0.000us,127.881ms,0.0,426.27,300
"void tensorTransformGeneric<__half, __half, float, true, false, false, (cudnnKernelDataType_t)0>(cudnnTensorTransformStruct, tensorTransformParams, int, unsigned long, __half const*, __half*, float, float)",0,1691,0,1691,0,0,0,0,0.000us,16.910us,0.000us,1.691ms,0.000us,1.691ms,0.0,16.91,100
sm75_xmma_fprop_implicit_gemm_f16f16_f16f32_f32_nhwckrsc_nhwc_tilesize64x32x64_stage1_warpsize2x1x2_g1_tensor16x8x8_execute_kernel_cudnn,0,19022,0,19022,0,0,0,0,0.000us,190.220us,0.000us,19.022ms,0.000us,19.022ms,0.0,190.22,100
aten::ge,2986,482,2274,110,0,51200,0,51200,29.860us,4.820us,2.986ms,482.000us,2.274ms,110.000us,29.86,4.82,100
"void at::native::vectorized_elementwise_kernel<4, at::native::compare_scalar_kernel<float>(at::TensorIteratorBase&, at::native::(anonymous namespace)::OpType, float)::{lambda(float)#1}, at::detail::Array<char*, 2> >(int, at::native::compare_scalar_kernel<float>(at::TensorIteratorBase&, at::native::(anonymous namespace)::OpType, float)::{lambda(float)#1}, at::detail::Array<char*, 2>)",0,51,0,51,0,0,0,0,0.000us,1.020us,0.000us,51.000us,0.000us,51.000us,0.0,1.02,50
aten::is_nonzero,8744,1854,263,0,0,0,0,0,43.720us,9.270us,8.744ms,1.854ms,263.000us,0.000us,43.72,9.27,200
aten::le,1460,3822,1013,100,0,51200,168,51200,14.600us,38.220us,1.460ms,3.822ms,1.013ms,100.000us,14.6,38.22,100
aten::neg,1400,478,913,100,0,51200,0,51200,14.000us,4.780us,1.400ms,478.000us,913.000us,100.000us,14.0,4.78,100
"void at::native::vectorized_elementwise_kernel<4, at::native::neg_kernel_cuda(at::TensorIteratorBase&)::{lambda()#2}::operator()() const::{lambda()#7}::operator()() const::{lambda(float)#1}, at::detail::Array<char*, 2> >(int, at::native::neg_kernel_cuda(at::TensorIteratorBase&)::{lambda()#2}::operator()() const::{lambda()#7}::operator()() const::{lambda(float)#1}, at::detail::Array<char*, 2>)",0,25,0,25,0,0,0,0,0.000us,1.000us,0.000us,25.000us,0.000us,25.000us,0.0,1.0,25
"void at::native::vectorized_elementwise_kernel<4, at::native::BinaryFunctor<float, float, float, at::native::binary_internal::DivFunctor<float> >, at::detail::Array<char*, 3> >(int, at::native::BinaryFunctor<float, float, float, at::native::binary_internal::DivFunctor<float> >, at::detail::Array<char*, 3>)",0,105,0,105,0,0,0,0,0.000us,1.050us,0.000us,105.000us,0.000us,105.000us,0.0,1.05,100
"void at::native::elementwise_kernel<128, 4, at::native::gpu_kernel_impl<at::native::BinaryFunctor<c10::Half, c10::Half, c10::Half, at::native::binary_internal::MulFunctor<float> > >(at::TensorIteratorBase&, at::native::BinaryFunctor<c10::Half, c10::Half, c10::Half, at::native::binary_internal::MulFunctor<float> > const&)::{lambda(int)#2}>(int, at::native::gpu_kernel_impl<at::native::BinaryFunctor<c10::Half, c10::Half, c10::Half, at::native::binary_internal::MulFunctor<float> > >(at::TensorIteratorBase&, at::native::BinaryFunctor<c10::Half, c10::Half, c10::Half, at::native::binary_internal::MulFunctor<float> > const&)::{lambda(int)#2})",0,830,0,830,0,0,0,0,0.000us,4.150us,0.000us,830.000us,0.000us,830.000us,0.0,4.15,200
"void at::native::unrolled_elementwise_kernel<at::native::CUDAFunctor_add<float>, at::detail::Array<char*, 3>, TrivialOffsetCalculator<2, unsigned int>, TrivialOffsetCalculator<1, unsigned int>, at::native::memory::LoadWithoutCast, at::native::memory::StoreWithoutCast>(int, at::native::CUDAFunctor_add<float>, at::detail::Array<char*, 3>, TrivialOffsetCalculator<2, unsigned int>, TrivialOffsetCalculator<1, unsigned int>, at::native::memory::LoadWithoutCast, at::native::memory::StoreWithoutCast)",0,50,0,50,0,0,0,0,0.000us,1.000us,0.000us,50.000us,0.000us,50.000us,0.0,1.0,50
"void at::native::unrolled_elementwise_kernel<at::native::(anonymous namespace)::pow_tensor_scalar_kernel_impl<float, float>(at::TensorIteratorBase&, float)::{lambda(float)#1}, at::detail::Array<char*, 2>, TrivialOffsetCalculator<1, unsigned int>, TrivialOffsetCalculator<1, unsigned int>, at::native::memory::LoadWithoutCast, at::native::memory::StoreWithoutCast>(int, at::native::(anonymous namespace)::pow_tensor_scalar_kernel_impl<float, float>(at::TensorIteratorBase&, float)::{lambda(float)#1}, at::detail::Array<char*, 2>, TrivialOffsetCalculator<1, unsigned int>, TrivialOffsetCalculator<1, unsigned int>, at::native::memory::LoadWithoutCast, at::native::memory::StoreWithoutCast)",0,152,0,152,0,0,0,0,0.000us,1.013us,0.000us,152.000us,0.000us,152.000us,0.0,1.0133333333333334,150
"void at::native::unrolled_elementwise_kernel<at::native::compare_scalar_kernel<float>(at::TensorIteratorBase&, at::native::(anonymous namespace)::OpType, float)::{lambda(float)#1}, at::detail::Array<char*, 2>, TrivialOffsetCalculator<1, unsigned int>, TrivialOffsetCalculator<1, unsigned int>, at::native::memory::LoadWithoutCast, at::native::memory::StoreWithoutCast>(int, at::native::compare_scalar_kernel<float>(at::TensorIteratorBase&, at::native::(anonymous namespace)::OpType, float)::{lambda(float)#1}, at::detail::Array<char*, 2>, TrivialOffsetCalculator<1, unsigned int>, TrivialOffsetCalculator<1, unsigned int>, at::native::memory::LoadWithoutCast, at::native::memory::StoreWithoutCast)",0,105,0,105,0,0,0,0,0.000us,1.050us,0.000us,105.000us,0.000us,105.000us,0.0,1.05,100
"void at::native::unrolled_elementwise_kernel<at::native::AUnaryFunctor<float, float, float, at::native::binary_internal::MulFunctor<float> >, at::detail::Array<char*, 2>, TrivialOffsetCalculator<1, unsigned int>, TrivialOffsetCalculator<1, unsigned int>, at::native::memory::LoadWithoutCast, at::native::memory::StoreWithoutCast>(int, at::native::AUnaryFunctor<float, float, float, at::native::binary_internal::MulFunctor<float> >, at::detail::Array<char*, 2>, TrivialOffsetCalculator<1, unsigned int>, TrivialOffsetCalculator<1, unsigned int>, at::native::memory::LoadWithoutCast, at::native::memory::StoreWithoutCast)",0,50,0,50,0,0,0,0,0.000us,1.000us,0.000us,50.000us,0.000us,50.000us,0.0,1.0,50
"void at::native::unrolled_elementwise_kernel<at::native::neg_kernel_cuda(at::TensorIteratorBase&)::{lambda()#2}::operator()() const::{lambda()#7}::operator()() const::{lambda(float)#1}, at::detail::Array<char*, 2>, TrivialOffsetCalculator<1, unsigned int>, TrivialOffsetCalculator<1, unsigned int>, at::native::memory::LoadWithoutCast, at::native::memory::StoreWithoutCast>(int, at::native::neg_kernel_cuda(at::TensorIteratorBase&)::{lambda()#2}::operator()() const::{lambda()#7}::operator()() const::{lambda(float)#1}, at::detail::Array<char*, 2>, TrivialOffsetCalculator<1, unsigned int>, TrivialOffsetCalculator<1, unsigned int>, at::native::memory::LoadWithoutCast, at::native::memory::StoreWithoutCast)",0,50,0,50,0,0,0,0,0.000us,1.000us,0.000us,50.000us,0.000us,50.000us,0.0,1.0,50
"void at::native::vectorized_elementwise_kernel<2, at::native::CUDAFunctor_add<float>, at::detail::Array<char*, 3> >(int, at::native::CUDAFunctor_add<float>, at::detail::Array<char*, 3>)",0,25,0,25,0,0,0,0,0.000us,1.000us,0.000us,25.000us,0.000us,25.000us,0.0,1.0,25
"void at::native::vectorized_elementwise_kernel<2, at::native::(anonymous namespace)::pow_tensor_scalar_kernel_impl<float, float>(at::TensorIteratorBase&, float)::{lambda(float)#1}, at::detail::Array<char*, 2> >(int, at::native::(anonymous namespace)::pow_tensor_scalar_kernel_impl<float, float>(at::TensorIteratorBase&, float)::{lambda(float)#1}, at::detail::Array<char*, 2>)",0,75,0,75,0,0,0,0,0.000us,1.000us,0.000us,75.000us,0.000us,75.000us,0.0,1.0,75
"void at::native::vectorized_elementwise_kernel<2, at::native::compare_scalar_kernel<float>(at::TensorIteratorBase&, at::native::(anonymous namespace)::OpType, float)::{lambda(float)#1}, at::detail::Array<char*, 2> >(int, at::native::compare_scalar_kernel<float>(at::TensorIteratorBase&, at::native::(anonymous namespace)::OpType, float)::{lambda(float)#1}, at::detail::Array<char*, 2>)",0,54,0,54,0,0,0,0,0.000us,1.080us,0.000us,54.000us,0.000us,54.000us,0.0,1.08,50
"void at::native::vectorized_elementwise_kernel<2, at::native::AUnaryFunctor<float, float, float, at::native::binary_internal::MulFunctor<float> >, at::detail::Array<char*, 2> >(int, at::native::AUnaryFunctor<float, float, float, at::native::binary_internal::MulFunctor<float> >, at::detail::Array<char*, 2>)",0,26,0,26,0,0,0,0,0.000us,1.040us,0.000us,26.000us,0.000us,26.000us,0.0,1.04,25
"void at::native::vectorized_elementwise_kernel<2, at::native::neg_kernel_cuda(at::TensorIteratorBase&)::{lambda()#2}::operator()() const::{lambda()#7}::operator()() const::{lambda(float)#1}, at::detail::Array<char*, 2> >(int, at::native::neg_kernel_cuda(at::TensorIteratorBase&)::{lambda()#2}::operator()() const::{lambda()#7}::operator()() const::{lambda(float)#1}, at::detail::Array<char*, 2>)",0,25,0,25,0,0,0,0,0.000us,1.000us,0.000us,25.000us,0.000us,25.000us,0.0,1.0,25
"void at::native::vectorized_elementwise_kernel<4, at::native::CUDAFunctor_add<float>, at::detail::Array<char*, 3> >(int, at::native::CUDAFunctor_add<float>, at::detail::Array<char*, 3>)",0,25,0,25,0,0,0,0,0.000us,1.000us,0.000us,25.000us,0.000us,25.000us,0.0,1.0,25
"void cudnn::cnn::conv2d_grouped_direct_kernel<false, true, false, false, false, false, 4, 1, int, float, __half, __half, __half, float, __half>(cudnn::cnn::GroupedDirectFpropParams, __half const*, __half const*, __half*, float, float, float const*, float const*, __half const*, __half const*, cudnnActivationStruct)",0,3,0,3,0,0,0,0,0.000us,3.000us,0.000us,3.000us,0.000us,3.000us,0.0,3.0,1
aten::baddbmm,212,2435,46,2435,0,169869312,0,169869312,212.000us,2.435ms,212.000us,2.435ms,46.000us,2.435ms,212.0,2435.0,1
turing_fp16_s1688gemm_fp16_128x256_ldg8_f2f_stages_32x1_tt,0,493,0,493,0,0,0,0,0.000us,164.333us,0.000us,493.000us,0.000us,493.000us,0.0,164.33333333333334,3
"void at::native::unrolled_elementwise_kernel<at::native::direct_copy_kernel_cuda(at::TensorIteratorBase&)::{lambda()#2}::operator()() const::{lambda()#7}::operator()() const::{lambda(float)#1}, at::detail::Array<char*, 2>, TrivialOffsetCalculator<1, unsigned int>, TrivialOffsetCalculator<1, unsigned int>, at::native::memory::LoadWithCast<1>, at::native::memory::StoreWithCast<1> >(int, at::native::direct_copy_kernel_cuda(at::TensorIteratorBase&)::{lambda()#2}::operator()() const::{lambda()#7}::operator()() const::{lambda(float)#1}, at::detail::Array<char*, 2>, TrivialOffsetCalculator<1, unsigned int>, TrivialOffsetCalculator<1, unsigned int>, at::native::memory::LoadWithCast<1>, at::native::memory::StoreWithCast<1>)",0,1400,0,1400,0,0,0,0,0.000us,1.400ms,0.000us,1.400ms,0.000us,1.400ms,0.0,1400.0,1
"void at::native::(anonymous namespace)::cunn_SoftMaxForward<4, float, float, float, at::native::(anonymous namespace)::SoftMaxForwardEpilogue>(float*, float*, int)",0,3417,0,3417,0,0,0,0,0.000us,3.417ms,0.000us,3.417ms,0.000us,3.417ms,0.0,3417.0,1
turing_fp16_s1688gemm_fp16_256x128_ldg8_f2f_stages_32x1_nn,0,6113,0,6113,0,0,0,0,0.000us,2.038ms,0.000us,6.113ms,0.000us,6.113ms,0.0,2037.6666666666667,3
aten::clamp,31,20,25,20,0,4194304,0,4194304,31.000us,20.000us,31.000us,20.000us,25.000us,20.000us,31.0,20.0,1
sm75_xmma_fprop_implicit_gemm_indexed_f16f16_f16f32_f32_nhwckrsc_nhwc_tilesize256x128x32_stage1_warpsize4x2x1_g1_tensor16x8x8_execute_kernel_cudnn,0,58994,0,58994,0,0,0,0,0.000us,8.428ms,0.000us,58.994ms,0.000us,58.994ms,0.0,8427.714285714286,7
sm75_xmma_fprop_implicit_gemm_f16f16_f16f32_f32_nhwckrsc_nhwc_tilesize128x128x32_stage1_warpsize2x2x1_g1_tensor16x8x8_execute_kernel_cudnn,0,26123,0,26123,0,0,0,0,0.000us,5.225ms,0.000us,26.123ms,0.000us,26.123ms,0.0,5224.6,5
sm75_xmma_fprop_implicit_gemm_indexed_wo_smem_f16f16_f16f32_f32_nhwckrsc_nhwc_tilesize128x16x64_stage1_warpsize4x1x1_g1_tensor16x8x8_alignc2_execute_kernel_cudnn,0,4001,0,4001,0,0,0,0,0.000us,4.001ms,0.000us,4.001ms,0.000us,4.001ms,0.0,4001.0,1
"void at::native::vectorized_elementwise_kernel<4, at::native::CUDAFunctorOnSelf_add<c10::Half>, at::detail::Array<char*, 2> >(int, at::native::CUDAFunctorOnSelf_add<c10::Half>, at::detail::Array<char*, 2>)",0,20,0,20,0,0,0,0,0.000us,20.000us,0.000us,20.000us,0.000us,20.000us,0.0,20.0,1
"void at::native::vectorized_elementwise_kernel<4, at::native::(anonymous namespace)::launch_clamp_scalar(at::TensorIteratorBase&, c10::Scalar, c10::Scalar, at::native::detail::ClampLimits)::{lambda()#1}::operator()() const::{lambda()#8}::operator()() const::{lambda(c10::Half)#1}, at::detail::Array<char*, 2> >(int, at::native::(anonymous namespace)::launch_clamp_scalar(at::TensorIteratorBase&, c10::Scalar, c10::Scalar, at::native::detail::ClampLimits)::{lambda()#1}::operator()() const::{lambda()#8}::operator()() const::{lambda(c10::Half)#1}, at::detail::Array<char*, 2>)",0,20,0,20,0,0,0,0,0.000us,20.000us,0.000us,20.000us,0.000us,20.000us,0.0,20.0,1
cudaDeviceSynchronize,13,0,13,0,0,0,0,0,13.000us,0.000us,13.000us,0.000us,13.000us,0.000us,13.0,0.0,1
